Country,Happiness Rank,Happiness Score,Latitude,Longitude
Denmark,1,7.526,56.26392,9.501785
Switzerland,2,7.5089999999999995,46.818188,8.227511999999999
Iceland,3,7.501,64.96305100000001,-19.020835
Norway,4,7.497999999999999,60.472024,8.468946
Finland,5,7.412999999999999,61.92411,25.748151
Canada,6,7.404,56.130366,-106.346771
Netherlands,7,7.3389999999999995,52.132633,5.291266
New Zealand,8,7.334,-40.900557,174.88597099999996
Australia,9,7.313,-25.274398,133.775136
Sweden,10,7.291,60.128161,18.643501
Israel,11,7.267,31.046051,34.851612
Austria,12,7.119,47.516231,14.550072
United States,13,7.104,37.09024,-95.712891
Costa Rica,14,7.087000000000001,9.748917,-83.753428
Puerto Rico,15,7.039,18.220833,-66.590149
Germany,16,6.994,51.165691,10.451526
Brazil,17,6.952000000000001,-14.235004,-51.92528
Belgium,18,6.928999999999999,50.503887,4.469936
Ireland,19,6.907,53.41291,-8.243889999999999
Luxembourg,20,6.871,49.815273,6.129583
Mexico,21,6.778,23.634501,-102.552784
Singapore,22,6.739,1.352083,103.819836
United Kingdom,23,6.725,55.378051,-3.435973
Chile,24,6.705,-35.675147,-71.542969
Panama,25,6.7010000000000005,8.537981,-80.782127
Argentina,26,6.65,-38.416097,-63.616672
Czech Republic,27,6.596,49.817492,15.472962
United Arab Emirates,28,6.5729999999999995,23.424076,53.847818
Uruguay,29,6.545,-32.522779,-55.765835
Malta,30,6.4879999999999995,35.937496,14.375416
Colombia,31,6.481,4.570868,-74.297333
France,32,6.478,46.227638,2.213749
Thailand,33,6.474,15.870032,100.992541
Saudi Arabia,34,6.379,23.885942,45.079162
Taiwan,34,6.379,23.69781,120.960515
Qatar,36,6.375,25.354826,51.183884
Spain,37,6.361000000000001,40.463667,-3.74922
Algeria,38,6.355,28.033886,1.6596259999999998
Guatemala,39,6.324,15.783471,-90.230759
Suriname,40,6.269,3.919305000000001,-56.02778299999999
Kuwait,41,6.239,29.31166,47.481766
Bahrain,42,6.218,25.930414000000006,50.637772
Trinidad and Tobago,43,6.167999999999999,10.691803,-61.222503
Venezuela,44,6.084,6.42375,-66.58973
Slovakia,45,6.077999999999999,48.669026,19.699024
El Salvador,46,6.068,13.794185,-88.89653
Malaysia,47,6.005,4.210483999999999,101.975766
Nicaragua,48,5.992000000000001,12.865416,-85.207229
Uzbekistan,49,5.987,41.377491,64.585262
Italy,50,5.977,41.87194,12.56738
Ecuador,51,5.976,-1.831239,-78.183406
Belize,52,5.956,17.189877,-88.49765
Japan,53,5.921,36.204824,138.252924
Kazakhstan,54,5.919,48.019573,66.923684
Moldova,55,5.897,47.411631,28.369885
Russia,56,5.856,61.52401,105.318756
Poland,57,5.835,51.919438,19.145136
South Korea,57,5.835,35.90775700000001,127.766922
Bolivia,59,5.822,-16.290154,-63.588653
Lithuania,60,5.813,55.169438,23.881275
Belarus,61,5.8020000000000005,53.709807,27.953389
Slovenia,63,5.768,46.151241,14.995463
Peru,64,5.742999999999999,-9.189967,-75.015152
Turkmenistan,65,5.6579999999999995,38.969719,59.556278000000006
Mauritius,66,5.648,-20.348404,57.552152
Libya,67,5.615,26.3351,17.228331
Latvia,68,5.56,56.879635,24.603189
Cyprus,69,5.546,35.126413,33.429859
Paraguay,70,5.537999999999999,-23.442503,-58.44383199999999
Romania,71,5.528,45.943161,24.96676
Estonia,72,5.517,58.595272,25.013607
Jamaica,73,5.51,18.109581,-77.297508
Croatia,74,5.4879999999999995,45.1,15.2
Hong Kong,75,5.457999999999999,22.396428,114.109497
Somalia,76,5.44,5.152149,46.199616
Kosovo,77,5.401,42.602636,20.902977
Turkey,78,5.388999999999999,38.963745,35.243322
Indonesia,79,5.314,-0.789275,113.921327
Jordan,80,5.303,30.585164,36.238414
Azerbaijan,81,5.291,40.143105,47.57692700000001
Philippines,82,5.279,12.879721,121.774017
China,83,5.245,35.86166,104.195397
Bhutan,84,5.196000000000001,27.514162,90.433601
Kyrgyzstan,85,5.185,41.20438,74.766098
Serbia,86,5.1770000000000005,44.016521,21.005859
Bosnia and Herzegovina,87,5.162999999999999,43.915886,17.679076000000006
Montenegro,88,5.1610000000000005,42.708678000000006,19.37439
Dominican Republic,89,5.155,18.735693,-70.162651
Morocco,90,5.151,31.791702,-7.09262
Hungary,91,5.145,47.162494,19.503304
Pakistan,92,5.132000000000001,30.375321000000003,69.345116
Lebanon,93,5.129,33.854721000000005,35.862285
Portugal,94,5.122999999999999,39.399872,-8.224454
Macedonia,95,5.121,41.608635,21.745275
Vietnam,96,5.061,14.058324,108.277199
Tunisia,98,5.045,33.886917,9.537499
Greece,99,5.033,39.074208,21.824312
Tajikistan,100,4.996,38.861034,71.276093
Mongolia,101,4.907,46.862496,103.846656
Laos,102,4.876,19.85627,102.495496
Nigeria,103,4.875,9.081999,8.675277000000001
Honduras,104,4.871,15.199998999999998,-86.241905
Iran,105,4.813,32.427908,53.68804599999999
Zambia,106,4.795,-13.133897,27.849332
Nepal,107,4.793,28.394857,84.12400799999998
Palestinian Territories,108,4.754,31.952162,35.233154
Albania,109,4.655,41.153332,20.168331
Bangladesh,110,4.643,23.684994,90.356331
Sierra Leone,111,4.635,8.460555000000001,-11.779889
Iraq,112,4.575,33.223191,43.679291
Namibia,113,4.574,-22.95764,18.49041
Cameroon,114,4.513,7.369722,12.354722
Ethiopia,115,4.508,9.145,40.489673
South Africa,116,4.459,-30.559482,22.937506
Sri Lanka,117,4.415,7.873054,80.77179699999998
India,118,4.404,20.593684,78.96288
Myanmar,119,4.395,21.913965,95.956223
Egypt,120,4.362,26.820553000000004,30.802498
Armenia,121,4.36,40.069099,45.038189
Kenya,122,4.356,-0.023559,37.906193
Ukraine,123,4.324,48.379433,31.16558
Ghana,124,4.276,7.9465270000000015,-1.0231940000000002
Congo (Kinshasa),125,4.272,-4.0383330000000015,21.758664000000003
Georgia,126,4.252,42.315407,43.356892
Congo (Brazzaville),127,4.236000000000001,-0.228021,15.827659
Senegal,128,4.218999999999999,14.497401000000002,-14.452362
Bulgaria,129,4.217,42.733883,25.48583
Mauritania,130,4.2010000000000005,21.00789,-10.940835
Zimbabwe,131,4.1930000000000005,-19.015438,29.154857
Malawi,132,4.156000000000001,-13.254307999999998,34.301525
Sudan,133,4.138999999999999,12.862807,30.217636
Gabon,134,4.121,-0.803689,11.609444
Mali,135,4.073,17.570692,-3.996166000000001
Haiti,136,4.0280000000000005,18.971187,-72.28521500000002
Botswana,137,3.9739999999999998,-22.328474,24.684866
Comoros,138,3.9560000000000004,-11.875001,43.872219
Ivory Coast,139,3.9160000000000004,7.539989,-5.54708
Cambodia,140,3.907,12.565679,104.990963
Angola,141,3.866,-11.202692,17.873887
Niger,142,3.8560000000000003,17.607789,8.081666
Chad,144,3.763,15.454166,18.732207
Burkina Faso,145,3.739,12.238333,-1.561593
Uganda,145,3.739,1.373333,32.290275
Yemen,147,3.7239999999999998,15.552727,48.516388
Madagascar,148,3.695,-18.766947,46.869107
Tanzania,149,3.6660000000000004,-6.369028,34.888822
Liberia,150,3.622,6.4280550000000005,-9.429499
Guinea,151,3.6069999999999998,9.945587,-9.696645
Rwanda,152,3.515,-1.940278,29.873888
Benin,153,3.484,9.30769,2.315834
Afghanistan,154,3.36,33.93911,67.709953
Togo,155,3.303,8.619543,0.824782
Syria,156,3.069,34.802075,38.99681500000001
Burundi,157,2.905,-3.373056,29.918886
